,cycle_time,subtech,participant,intensity,start_frame,cycle_distance,cycle_speed
0,1.8083333333333333,dp,P3,easy,57011,5.716325414228175,11.379965801597104
1,1.7916666666666667,dp,P3,easy,57445,5.829350375725179,11.71292726657338
2,1.7458333333333333,dp,P3,easy,57875,6.386828310057886,13.169975321933208
3,1.7416666666666667,dp,P3,easy,58294,6.499255929011758,13.433868714512343
4,1.7125,dp,P3,easy,58712,6.379392898588336,13.410694560536065
5,2.370833333333333,dp,P3,easy,59123,7.724801332086223,11.729751056102808
0,0.8416666666666667,diagonal,P3,easy,19641,0.6226987274125053,2.663424259823785
1,1.0291666666666666,diagonal,P3,easy,19843,0.6955584552138057,2.433046580181086
2,1.35,diagonal,P3,easy,20090,1.4595304451977398,3.8920811871939724
3,1.3916666666666666,diagonal,P3,easy,20414,2.0358726490726977,5.266449008379674
4,1.2,diagonal,P3,easy,20748,1.8113962468602427,5.434188740580728
5,1.1541666666666666,diagonal,P3,easy,21036,1.3984933307413863,4.362087500940642
6,1.4666666666666666,diagonal,P3,easy,21313,1.7033787078324225,4.181020464679583
7,1.0583333333333333,diagonal,P3,easy,21665,1.2544595489052646,4.267137993126569
0,1.0166666666666666,heringbone,P3,easy,39732,4.09587793784636,14.503436632373997
1,1.4041666666666666,heringbone,P3,easy,39976,3.963431753481157,10.16143927301994
2,1.2458333333333333,heringbone,P3,easy,40313,1.7217664899566305,4.975271730175681
3,1.45,heringbone,P3,easy,40612,1.6090077821322697,3.9947779418456353
4,1.2916666666666667,heringbone,P3,easy,40960,1.546209480115011,4.309435454256031
5,1.1,heringbone,P3,easy,41270,1.288395128581335,4.216565875357096
6,1.1333333333333333,heringbone,P3,easy,41534,1.444058068211681,4.587007981378281
7,1.2666666666666666,heringbone,P3,easy,41806,1.3044282194772399,3.7073223079879454
8,1.6708333333333334,heringbone,P3,easy,42110,1.58639534383631,3.418068770759531
9,1.5541666666666667,heringbone,P3,easy,42511,1.539213182952024,3.565362439867423
10,1.15,heringbone,P3,easy,42884,1.2227132750613174,3.827624165409342
11,1.4625,heringbone,P3,easy,43160,1.3279402446347244,3.268775986793168
12,1.3416666666666666,heringbone,P3,easy,43511,1.8966663542114213,5.089191708194622
13,0.9708333333333333,heringbone,P3,easy,43833,1.3576048771661573,5.034208643225579
14,1.1291666666666667,heringbone,P3,easy,44066,1.3572051016220703,4.327030287090291
15,1.0583333333333333,heringbone,P3,easy,44337,1.3424675605146192,4.566503827892248
16,1.0291666666666666,heringbone,P3,easy,44591,1.3517035836028695,4.728226300537973
17,1.3708333333333333,heringbone,P3,easy,44838,1.0255486441733572,2.6932341293792725
18,1.6833333333333333,heringbone,P3,easy,45167,1.4644572088916328,3.1319084863425015
19,1.5958333333333334,heringbone,P3,easy,45571,1.4167476418961567,3.1960051242774914
0,1.725,dp,P3,medium,47405,6.248949400347718,13.041285705073498
1,1.7166666666666666,dp,P3,medium,47819,7.368949681130472,15.45333137013769
2,2.1416666666666666,dp,P3,medium,48231,9.738309420561295,16.369453967636108
3,1.3625,dp,P3,medium,48745,5.105500770922986,13.489763504824037
4,1.7208333333333334,dp,P3,medium,49072,7.675407011524971,16.057025806192673
5,1.6875,dp,P3,medium,49485,7.834857447314073,16.714362554270025
6,1.7041666666666666,dp,P3,medium,49890,7.984016785901863,16.86599144992472
7,1.7083333333333333,dp,P3,medium,50299,8.014896812326944,16.889928892318245
8,1.6041666666666667,dp,P3,medium,50709,6.941103088042783,15.576917059919387
9,1.6791666666666667,dp,P3,medium,51094,8.262089390103828,17.713263605582398
10,1.8125,dp,P3,medium,51497,8.376475312954863,16.63741303538621
11,1.7208333333333334,dp,P3,medium,51932,8.233480405702627,17.224520751881524
12,1.1041666666666667,dp,P3,medium,52345,4.606660773261287,15.019452483387742
0,1.0166666666666666,heringbone,P3,medium,36928,1.5047539574687936,5.328309095299335
1,1.3333333333333333,heringbone,P3,medium,37172,1.3633119186516551,3.6809421803594695
2,1.3166666666666667,heringbone,P3,medium,37492,1.7373465245911468,4.750213282426427
3,1.1208333333333333,heringbone,P3,medium,37808,1.34458226470933,4.318658277728108
4,1.125,heringbone,P3,medium,38077,1.6870690012209189,5.39862080390694
5,1.1625,heringbone,P3,medium,38347,1.369644861585251,4.241480861683358
6,1.1125,heringbone,P3,medium,38626,1.7035613757409411,5.5126480473414725
7,1.1083333333333334,heringbone,P3,medium,38893,1.2394202125087859,4.0257859534119955
8,1.25,heringbone,P3,medium,39159,1.480556703256809,4.26400330537961
9,1.1125,heringbone,P3,medium,39459,1.571504365708898,5.085317498024299
10,1.0541666666666667,heringbone,P3,medium,39726,1.239665818149552,4.233483268305188
11,1.0291666666666666,heringbone,P3,medium,39979,1.2450128301006518,4.355024636465439
12,1.0708333333333333,heringbone,P3,medium,40226,1.1995577451313193,4.032754442776109
13,1.2291666666666667,heringbone,P3,medium,40483,1.3989898318045988,4.097380388742961
14,1.3125,heringbone,P3,medium,40778,1.3226199907612488,3.6277576889451395
15,1.3125,heringbone,P3,medium,41093,1.7099282836707528,4.69008900663978
16,0.9875,heringbone,P3,medium,41408,0.7822978284525389,2.8519211973965977
17,1.4125,heringbone,P3,medium,41645,1.0985827954427416,2.799927832632828
0,2.254166666666667,dp,P3,hard,52446,3.049641499091591,4.8704071260908215
1,1.9875,dp,P3,hard,52987,4.526133355602317,8.198279285619291
2,1.7708333333333333,dp,P3,hard,53464,5.315576500383477,10.806254344308998
3,2.0458333333333334,dp,P3,hard,53889,7.4184131936177575,13.053989815245911
4,1.4,dp,P3,hard,54380,4.676070627672014,12.02418161401375
0,1.4708333333333334,heringbone,P3,hard,37859,1.5505506917049747,3.7951155740314397
1,1.1958333333333333,heringbone,P3,hard,38212,1.3991802738196957,4.2121663992342055
2,0.9958333333333333,heringbone,P3,hard,38499,1.2390142805829536,4.479114386709924
3,1.15,heringbone,P3,hard,38738,1.3207185475184726,4.134423279188263
4,1.1083333333333334,heringbone,P3,hard,39014,1.5007152251081093,4.874503588321077
5,1.1208333333333333,heringbone,P3,hard,39280,1.2545946307461286,4.029627364180874
6,1.1,heringbone,P3,hard,39549,1.4225607893200856,4.65565349232028
7,1.1333333333333333,heringbone,P3,hard,39813,1.2085984382683501,3.839077392146524
8,1.2125,heringbone,P3,hard,40085,1.459136062577728,4.332280268272018
9,1.2083333333333333,heringbone,P3,hard,40376,1.3554553829467268,4.038322244365421
10,1.0791666666666666,heringbone,P3,hard,40666,1.1937842807885448,3.98235373977337
11,1.3583333333333334,heringbone,P3,hard,40925,1.3362409477778439,3.5414484014725676
12,1.7833333333333334,heringbone,P3,hard,41251,2.2375000858725227,4.516822603256681
13,1.3166666666666667,heringbone,P3,hard,41679,2.9944131562695424,8.187256224736977
14,1.0625,heringbone,P3,hard,41995,2.9799642901805803,10.096820183200084
0,1.3333333333333333,dp,P5,easy,37616,8.525147332640941,23.01789779813054
1,1.4833333333333334,dp,P5,easy,37936,8.73222184692425,21.192808077928518
2,1.1166666666666667,dp,P5,easy,38292,5.767883039039629,18.59496621541134
3,1.5125,dp,P5,easy,38560,8.983078624986938,21.38121193385321
4,1.1041666666666667,dp,P5,easy,38923,7.4309941479091615,24.227845070918924
5,1.3125,dp,P5,easy,39188,7.286815399182176,19.986693666328254
6,1.2916666666666667,dp,P5,easy,39503,7.192794392967639,20.047014050077546
7,1.2791666666666666,dp,P5,easy,39813,7.2624045740961,20.43881938768414
8,1.3125,dp,P5,easy,40120,7.521991557129513,20.631748270983806
9,1.3375,dp,P5,easy,40435,9.297500129050984,25.025047076324146
10,1.3375,dp,P5,easy,40756,7.72572944631611,20.794486734009716
11,1.525,dp,P5,easy,41077,9.497322015560716,22.419907708864642
12,1.1041666666666667,dp,P5,easy,41443,7.791833455138995,25.404317378264494
13,1.3125,dp,P5,easy,41708,7.726781542139907,21.193457944155174
0,1.1166666666666667,dp-skate,P5,easy,27892,9.433792223244598,30.413419704788556
1,1.1458333333333333,dp-skate,P5,easy,28160,7.1287245639859815,22.39715644830505
2,1.2458333333333333,dp-skate,P5,easy,28435,8.573141969808232,24.7732262940278
3,1.1708333333333334,dp-skate,P5,easy,28734,8.840021437792643,27.18070648488556
4,1.075,dp-skate,P5,easy,29015,7.262719557100041,24.321665493544327
5,1.0708333333333333,dp-skate,P5,easy,29273,8.94101507594499,30.058509827301442
6,1.0,dp-skate,P5,easy,29530,6.666222194232578,23.99839989923728
7,1.075,dp-skate,P5,easy,29770,6.4446829841565645,21.582194179501055
8,0.9125,dp-skate,P5,easy,30028,6.726159154029146,26.536079950142387
9,1.225,dp-skate,P5,easy,30247,7.17908575545156,21.09772140377601
10,1.2041666666666666,dp-skate,P5,easy,30541,9.624524244872768,28.77366417844316
11,1.4625,dp-skate,P5,easy,30830,12.390752829041595,30.500314656102393
0,1.0833333333333333,dp,P5,medium,21875,8.551247473257199,28.41645314190085
1,1.1125,dp,P5,medium,22135,6.993205786902442,22.62969962503262
2,1.1541666666666666,dp,P5,medium,22402,9.080595007544105,28.323588759993168
3,1.0791666666666666,dp,P5,medium,22679,7.198788085159798,24.014489982926897
4,1.1125,dp,P5,medium,22938,7.208177306980835,23.325337802364945
5,1.125,dp,P5,medium,23205,9.295821351526303,29.746628324884167
6,1.1416666666666666,dp,P5,medium,23475,7.391979869173251,23.30901681374339
7,1.125,dp,P5,medium,23749,9.310625949055982,29.794003036979145
8,1.0958333333333334,dp,P5,medium,24019,7.491497372706299,24.610850684480006
9,1.1166666666666667,dp,P5,medium,24282,9.595738160363997,30.935514069233182
10,1.125,dp,P5,medium,24550,7.632746899380488,24.424790078017566
11,1.1208333333333333,dp,P5,medium,24820,9.804168381631953,31.4899683335688
0,1.0583333333333333,dp-skate,P5,medium,13879,7.748366088947172,26.356646853741562
1,1.0416666666666667,dp-skate,P5,medium,14133,7.685134326564681,26.559824232607536
2,1.0791666666666666,dp-skate,P5,medium,14383,10.234066488447567,34.13989747497567
3,0.9833333333333333,dp-skate,P5,medium,14642,8.253030023889197,30.214482799323168
4,0.925,dp-skate,P5,medium,14878,5.942256169917755,23.126618607247476
5,0.8541666666666666,dp-skate,P5,medium,15100,7.4431798627242935,31.370280006798975
6,0.7416666666666667,dp-skate,P5,medium,15305,5.323606018660658,25.840424719791056
7,1.2166666666666666,dp-skate,P5,medium,15483,9.50980033293644,28.13858728649687
8,0.95,dp-skate,P5,medium,15775,6.034907839230833,22.869124443401052
9,1.1375,dp-skate,P5,medium,16003,10.559463374717895,33.4189610100962
0,0.7916666666666666,dp,P5,hard,20152,5.754164796636826,26.166307285759043
1,0.7583333333333333,dp,P5,hard,20342,5.955295566020144,28.271293236491235
2,0.7333333333333333,dp,P5,hard,20524,6.124287045956529,30.064681861968417
3,0.7583333333333333,dp,P5,hard,20700,6.225252248775565,29.552845840341146
4,0.775,dp,P5,hard,20882,6.4060924322419535,29.757332588478754
5,0.7833333333333333,dp,P5,hard,21068,8.63664099647317,39.69179691996181
6,0.7791666666666667,dp,P5,hard,21256,6.404356552280568,29.590182145296314
7,0.7708333333333334,dp,P5,hard,21443,6.418222291337038,29.9748327552173
8,0.7375,dp,P5,hard,21628,6.392582612186886,31.204471056098697
9,0.7666666666666667,dp,P5,hard,21805,6.39787124096628,30.042178001059053
10,0.7791666666666667,dp,P5,hard,21989,6.362848398064468,29.398401154693584
11,0.8208333333333333,dp,P5,hard,22176,6.2838794905216115,27.55975573507956
12,0.7875,dp,P5,hard,22373,6.279780663482194,28.707568747347175
13,0.8125,dp,P5,hard,22562,8.537981394153466,37.829825254095354
14,0.8208333333333333,dp,P5,hard,22757,6.275123559332362,27.52135408763026
15,0.8333333333333334,dp,P5,hard,22954,6.254186878850556,27.0180873166344
16,0.825,dp,P5,hard,23154,6.302909022711675,27.503603008196404
17,0.8666666666666667,dp,P5,hard,23352,8.529951991834881,35.43210827377566
18,0.8208333333333333,dp,P5,hard,23560,6.348183683416538,27.841780215593346
19,0.9166666666666666,dp,P5,hard,23757,8.54064396463022,33.541438115638684
0,0.9291666666666667,dp-skate,P5,hard,13072,8.23831981513982,31.91887139139374
1,0.9458333333333333,dp-skate,P5,hard,13295,8.425172912098375,32.067618484814965
2,0.9583333333333334,dp-skate,P5,hard,13522,6.368396755698775,23.92302085619018
3,0.9583333333333334,dp-skate,P5,hard,13752,8.268982014941482,31.06261069960626
4,0.9125,dp-skate,P5,hard,13982,7.765817025542106,30.63774388159078
5,1.0291666666666666,dp-skate,P5,hard,14201,7.676611924648132,26.85260203601614
6,1.0833333333333333,dp-skate,P5,hard,14448,8.264352166325438,27.463077968096844
7,0.8333333333333334,dp-skate,P5,hard,14708,8.931275301055415,38.58310930055939
0,1.0041666666666667,dp,P6,easy,28559,2.386132689705787,8.554434207078009
1,1.0458333333333334,dp,P6,easy,28800,3.838083140378442,13.211569056920213
2,1.1166666666666667,dp,P6,easy,29051,4.5337365906537315,14.616225426585164
3,1.1375,dp,P6,easy,29319,6.337799286722767,20.05809005028744
4,1.2541666666666667,dp,P6,easy,29592,6.816352218787542,19.565874807416733
5,1.3791666666666667,dp,P6,easy,29893,8.851842761204546,23.105716452207638
6,1.3416666666666666,dp,P6,easy,30224,7.337617023542311,19.688512758821606
7,1.3333333333333333,dp,P6,easy,30546,7.541695884168019,20.36257888725365
8,1.3791666666666667,dp,P6,easy,30866,9.298542655811639,24.271724636317995
9,1.3833333333333333,dp,P6,easy,31197,7.6125433365938395,19.810956153063486
0,0.9666666666666667,diagonal,P6,easy,21528,2.5437214825490395,9.473169659148146
1,1.0625,diagonal,P6,easy,21760,4.769804299463024,16.161219273474718
0,1.0,dp,P6,medium,23363,2.4362300214659056,8.770428077277261
1,0.9666666666666667,dp,P6,medium,23603,4.122285925475513,15.351961377632945
2,0.9708333333333333,dp,P6,medium,23835,5.135794004051314,19.04431768025895
3,1.0916666666666666,dp,P6,medium,24068,5.537732632978602,18.261835858372187
4,1.05,dp,P6,medium,24330,5.978618073564227,20.49811910936306
5,1.15,dp,P6,medium,24582,8.06458116052359,25.24564537207385
6,1.2208333333333334,dp,P6,medium,24858,8.506202496897458,25.083136373103766
7,1.3083333333333333,dp,P6,medium,25151,8.847766667259929,24.34544713539038
8,1.2666666666666666,dp,P6,medium,25465,9.119270424854124,25.91792647063804
0,1.3833333333333333,dp-skate,P6,medium,12287,10.99724599906418,28.61933898551642
1,1.2291666666666667,dp-skate,P6,medium,12619,8.750731989965152,25.62926250620302
2,1.2625,dp-skate,P6,medium,12914,8.596858263223156,24.513813661468014
3,1.2375,dp-skate,P6,medium,13217,8.564681281917737,24.915436456487964
4,1.1458333333333333,dp-skate,P6,medium,13514,6.789417151176325,21.331114249513984
5,1.1916666666666667,dp-skate,P6,medium,13789,8.776189042957514,26.5126829829206
6,1.2208333333333334,dp-skate,P6,medium,14075,9.072610216794631,26.75336255054799
7,1.1875,dp-skate,P6,medium,14368,9.631323992311685,29.19811905037648
8,1.1916666666666667,dp-skate,P6,medium,14653,8.55070935555336,25.83151357761575
9,1.1583333333333334,dp-skate,P6,medium,14939,11.793448175072253,36.653018788713766
0,1.2291666666666667,dp,P6,hard,20402,2.854204106929292,8.359431689447147
1,0.7125,dp,P6,hard,20697,3.469288370563266,17.52903597758282
2,0.675,dp,P6,hard,20868,4.2719264722616055,22.783607852061895
3,0.7,dp,P6,hard,21030,3.235721594994857,16.64085391711641
4,0.6541666666666667,dp,P6,hard,21198,5.2570267833514,28.93038943194656
5,0.675,dp,P6,hard,21355,5.7036681781732455,30.419563616923973
6,0.7833333333333333,dp,P6,hard,21517,6.0707452676879825,27.899595272778814
7,0.7791666666666667,dp,P6,hard,21705,6.578141086185269,30.39312245167953
8,0.9,dp,P6,hard,21892,9.247476728451238,36.98990691380495
0,1.6791666666666667,dp-skate,P6,hard,9807,13.474767761277135,28.888832123432866
1,0.9541666666666667,dp-skate,P6,hard,10210,9.248576180630764,34.894191353995545
2,0.9791666666666666,dp-skate,P6,hard,10439,9.335308454265444,34.32215533823551
3,1.4875,dp-skate,P6,hard,10674,13.625593297673849,32.976225796051
4,1.425,dp-skate,P6,hard,11031,12.294345678261713,31.059399608240117
5,1.0,dp-skate,P6,hard,11373,8.791867209372107,31.650721953739588
6,1.0625,dp-skate,P6,hard,11613,9.313461871852404,31.556200224629322
7,1.0208333333333333,dp-skate,P6,hard,11868,9.712588830749494,34.25174183578598
8,0.9125,dp-skate,P6,hard,12113,10.702566661369982,42.22382463663774
9,1.0208333333333333,dp-skate,P6,hard,12332,11.356810463925015,40.05013975849475
0,1.4583333333333333,dp,P7,easy,47909,6.01794040550133,14.855715743866142
1,1.4208333333333334,dp,P7,easy,48259,4.981889383706464,12.622734391561245
2,1.45,dp,P7,easy,48600,6.187508649858171,15.362090441027183
3,1.4541666666666666,dp,P7,easy,48948,6.205720632906484,15.363159389201153
4,1.4458333333333333,dp,P7,easy,49297,6.1607526779652595,15.339741538218977
5,1.4791666666666667,dp,P7,easy,49644,6.142507787818391,14.94965275683124
6,1.5458333333333334,dp,P7,easy,49999,6.080575909908906,14.160694302321549
7,1.4958333333333333,dp,P7,easy,50370,5.971767128827435,14.372163786370205
8,1.4833333333333334,dp,P7,easy,50729,5.931330186933456,14.395138431209286
9,1.4708333333333334,dp,P7,easy,51085,5.906938069185674,14.457774764239158
10,1.4833333333333334,dp,P7,easy,51438,5.747750230815114,13.949596065798477
11,1.5333333333333334,dp,P7,easy,51794,6.076756558754095,14.267167572727006
12,1.5458333333333334,dp,P7,easy,52162,5.7285470296738445,13.340875023283562
13,1.5083333333333333,dp,P7,easy,52533,5.722148350981123,13.657282252065444
14,1.5916666666666666,dp,P7,easy,52895,5.802921834361695,13.12493315415839
15,1.5125,dp,P7,easy,53277,5.861976841899521,13.952473805512911
16,1.5,dp,P7,easy,53640,6.019050852136535,14.445722045127683
17,1.5541666666666667,dp,P7,easy,54000,7.014423536756714,16.24788722723271
18,1.5583333333333333,dp,P7,easy,54373,6.028028277864409,13.92571238522687
19,1.5625,dp,P7,easy,54747,5.876556205527722,13.539585497535873
20,1.6583333333333334,dp,P7,easy,55122,6.335527287922725,13.753506474284507
21,1.5541666666666667,dp,P7,easy,55520,4.669974727349859,10.8173141137541
0,1.4875,dp-skate,P7,easy,35686,6.07042023067132,14.691437196918825
1,1.6125,dp-skate,P7,easy,36043,7.600365074727689,16.968256911019957
2,1.4791666666666667,dp-skate,P7,easy,36430,5.260459166286147,12.802920337102059
3,1.3708333333333333,dp-skate,P7,easy,36785,5.254765973883226,13.799750156337714
4,1.0208333333333333,dp-skate,P7,easy,37114,4.247673648020601,14.979551150570611
5,1.8458333333333334,dp-skate,P7,easy,37359,7.2650442048214385,14.169296146649488
0,1.575,dp-kick,P7,easy,25982,8.085313602203998,18.480716805037712
1,1.5458333333333334,dp-kick,P7,easy,26360,6.567597100833632,15.294889205175897
0,1.3375,dp,P7,medium,28659,7.324357429392399,19.71415831462627
1,1.35,dp,P7,medium,28980,8.795751842343456,23.455338246249216
2,1.2541666666666667,dp,P7,medium,29304,7.062479439603863,20.272366231952617
3,1.2583333333333333,dp,P7,medium,29605,6.811559975182147,19.48737688264032
4,1.2833333333333334,dp,P7,medium,29907,6.687958527988544,18.76102652007176
5,1.3,dp,P7,medium,30215,6.438640861950049,17.830082386938596
6,1.3,dp,P7,medium,30527,6.4575812247937066,17.88253262250565
7,1.3333333333333333,dp,P7,medium,30839,7.734297037485619,20.882602001211172
8,1.5458333333333334,dp,P7,medium,31159,7.61277719805943,17.728947436990154
9,1.1708333333333334,dp,P7,medium,31530,6.201711244718096,19.068606816499766
10,1.3875,dp,P7,medium,31811,6.029421547957184,15.643904556861884
11,1.35,dp,P7,medium,32144,6.000476415458116,16.001270441221642
12,1.3916666666666666,dp,P7,medium,32468,5.603435968109605,14.495115797744608
13,1.3291666666666666,dp,P7,medium,32802,6.0104469610658136,16.279078916491734
14,1.3,dp,P7,medium,33121,7.554756457897813,20.920864037255484
15,1.3041666666666667,dp,P7,medium,33433,6.410547386177951,17.695568503698883
16,1.3375,dp,P7,medium,33746,6.351729349699514,17.09624348330337
17,1.3166666666666667,dp,P7,medium,34067,6.301390474416808,17.22911825916494
18,1.3,dp,P7,medium,34383,8.013554397399698,22.19138140818378
19,1.2541666666666667,dp,P7,medium,34695,6.278356292055374,18.021594140650645
20,1.2833333333333334,dp,P7,medium,34996,5.663519559999155,15.887275648828796
0,1.4,dp-skate,P7,medium,19105,6.111809421148033,15.716081368666373
1,1.6041666666666667,dp-skate,P7,medium,19441,9.429024552505854,21.160200554194954
2,1.3291666666666666,dp-skate,P7,medium,19826,6.637458218256516,17.97731630273865
3,1.325,dp-skate,P7,medium,20145,6.612527501831883,17.96611245780738
4,1.1791666666666667,dp-skate,P7,medium,20463,6.726530648539256,20.536121838649887
5,1.3291666666666666,dp-skate,P7,medium,20746,7.006656943163197,18.977277739476495
6,1.3583333333333334,dp-skate,P7,medium,21065,8.501326480570349,22.531122942370494
7,1.4625,dp-skate,P7,medium,21391,8.8021636737553,21.666864427705356
0,1.4875,dp-kick,P7,medium,2423,6.425836247612063,15.551603691699784
1,1.4666666666666666,dp-kick,P7,medium,2780,6.3142210091745605,15.498542477064833
0,1.4416666666666667,diagonal,P7,medium,23307,6.594489097409842,16.46716352648007
1,0.95,diagonal,P7,medium,23653,2.5257555117992387,9.571284044712906
2,1.1958333333333333,diagonal,P7,medium,23881,3.38898101722546,10.20236794035818
3,1.0333333333333334,diagonal,P7,medium,24168,2.5566330081417425,8.906979512235747
4,1.1583333333333334,diagonal,P7,medium,24416,3.362509553263609,10.450389402948769
5,1.0583333333333333,diagonal,P7,medium,24694,2.943705173630171,10.013233346521526
0,1.0791666666666666,dp,P7,hard,38610,7.657324462303263,25.544124847220157
1,1.075,dp,P7,hard,38869,9.554938420407742,31.997933314853835
2,1.0833333333333333,dp,P7,hard,39127,7.1572559392222725,23.784112044184784
3,1.1083333333333334,dp,P7,hard,39387,8.936939809259881,29.02825562105465
4,1.1291666666666667,dp,P7,hard,39653,6.640180568207974,21.170169782035757
5,1.125,dp,P7,hard,39924,8.126126553857143,26.003604972342856
6,1.0916666666666666,dp,P7,hard,40194,6.066022562410778,20.00398280123249
7,1.1208333333333333,dp,P7,hard,40456,6.042720436775614,19.408589060870373
8,1.1375,dp,P7,hard,40725,7.455915232211385,23.596742712932738
9,1.1666666666666667,dp,P7,hard,40998,7.418913849106338,22.892648448670982
10,1.1541666666666666,dp,P7,hard,41278,5.603499165216496,17.478062378148206
11,1.175,dp,P7,hard,41555,6.916240119257506,21.190182493044272
12,1.1291666666666667,dp,P7,hard,41837,5.606905440401607,17.875890407774865
13,1.1208333333333333,dp,P7,hard,42108,7.025719487092666,22.565879690884994
14,1.1375,dp,P7,hard,42377,5.364555928856684,16.977935247370606
15,1.1291666666666667,dp,P7,hard,42650,7.023370399950291,22.39185249283045
16,1.1416666666666666,dp,P7,hard,42921,6.917025493305521,21.811350460642227
17,1.1416666666666666,dp,P7,hard,43195,5.5474052713401525,17.492548008897415
18,1.1083333333333334,dp,P7,hard,43469,7.282076347914488,23.65306001728616
19,1.1208333333333333,dp,P7,hard,43735,6.143729960599739,19.73302113739098
20,1.1708333333333334,dp,P7,hard,44004,7.913343112438737,24.331417968494904
0,1.0666666666666667,dp-skate,P7,hard,29057,5.569903620994165,18.798424720855305
1,1.0583333333333333,dp-skate,P7,hard,29313,6.0178977691633015,20.470329419516112
2,0.9416666666666667,dp-skate,P7,hard,29567,6.08282329574685,23.25468728993486
3,0.9833333333333333,dp-skate,P7,hard,29793,5.946514082654887,21.770288844973827
4,1.0333333333333334,dp-skate,P7,hard,30029,5.4628763815605375,19.03195642608187
5,1.0625,dp-skate,P7,hard,30277,7.361954604033626,24.94403442307864
6,1.2083333333333333,dp-skate,P7,hard,30532,5.947968303634918,17.7208434977261
7,1.1916666666666667,dp-skate,P7,hard,30822,7.413649010035245,22.396478128218366
8,1.2125,dp-skate,P7,hard,31108,7.202191870844066,21.383827410341148
9,1.1833333333333333,dp-skate,P7,hard,31399,7.05787851708049,21.47185577027304
10,1.1708333333333334,dp-skate,P7,hard,31683,5.812832331012915,17.872907950160705
11,1.175,dp-skate,P7,hard,31964,7.456596412206338,22.84574219910027
12,1.2166666666666666,dp-skate,P7,hard,32246,7.842864198040036,23.206283106529426
13,1.1333333333333333,dp-skate,P7,hard,32538,6.638854140615299,21.0881249172486
14,0.9958333333333333,dp-skate,P7,hard,32810,6.551187078218084,23.682952450127303
0,1.2208333333333334,diagonal,P7,hard,34164,5.677299637618192,16.741252173727364
1,0.8666666666666667,diagonal,P7,hard,34457,2.9762128501792007,12.362730300744373
2,0.9208333333333333,diagonal,P7,hard,34665,3.040589863809476,11.887192951725735
3,0.8458333333333333,diagonal,P7,hard,34886,2.368483000617211,10.080637007553056
4,0.7541666666666667,diagonal,P7,hard,35089,2.1345003066422583,10.188995938889013
5,1.1708333333333334,diagonal,P7,hard,35270,3.999659305481811,12.297884839630905
6,0.9791666666666666,diagonal,P7,hard,35551,4.332892283900164,15.930293333147839
0,1.5916666666666666,dp,P8,easy,29179,0,0
1,1.3541666666666667,dp,P8,easy,29561,0,0
2,1.4541666666666666,dp,P8,easy,29886,0,0
3,1.5791666666666666,dp,P8,easy,30235,0,0
4,1.3916666666666666,dp,P8,easy,30614,0,0
5,1.5375,dp,P8,easy,30948,0,0
6,1.5583333333333333,dp,P8,easy,31317,0,0
7,1.6208333333333333,dp,P8,easy,31691,0,0
8,1.6083333333333334,dp,P8,easy,32080,0,0
9,1.475,dp,P8,easy,32466,0,0
10,1.5416666666666667,dp,P8,easy,32820,0,0
11,1.6166666666666667,dp,P8,easy,33190,0,0
12,1.5875,dp,P8,easy,33578,0,0
13,1.6125,dp,P8,easy,33959,0,0
14,1.525,dp,P8,easy,34346,0,0
15,1.0958333333333334,dp,P8,easy,34712,0,0
0,1.2791666666666666,dp-skate,P8,easy,18984,0,0
1,1.0958333333333334,dp-skate,P8,easy,19291,0,0
2,1.0416666666666667,dp-skate,P8,easy,19554,0,0
3,1.2708333333333333,dp-skate,P8,easy,19804,0,0
4,1.5416666666666667,dp-skate,P8,easy,20109,0,0
5,1.3291666666666666,dp-skate,P8,easy,20479,0,0
6,1.4541666666666666,dp-skate,P8,easy,20798,0,0
7,1.875,dp-skate,P8,easy,21147,0,0
8,1.5375,dp-skate,P8,easy,21597,0,0
9,1.4666666666666666,dp-skate,P8,easy,21966,0,0
10,1.375,dp-skate,P8,easy,22318,0,0
0,0.9833333333333333,dp-kick,P8,easy,23768,0,0
0,0.9708333333333333,diagonal,P8,easy,24333,0,0
1,1.025,diagonal,P8,easy,24566,0,0
2,0.975,diagonal,P8,easy,24812,0,0
3,0.9958333333333333,diagonal,P8,easy,25046,0,0
4,1.1,diagonal,P8,easy,25285,0,0
5,1.575,diagonal,P8,easy,25549,0,0
6,1.1541666666666666,diagonal,P8,easy,25927,0,0
0,1.3541666666666667,dp,P8,medium,23965,0,0
1,1.2791666666666666,dp,P8,medium,24290,0,0
2,1.1791666666666667,dp,P8,medium,24597,0,0
3,1.2833333333333334,dp,P8,medium,24880,0,0
4,1.4208333333333334,dp,P8,medium,25188,0,0
5,1.1958333333333333,dp,P8,medium,25529,0,0
6,1.3833333333333333,dp,P8,medium,25816,0,0
7,1.1458333333333333,dp,P8,medium,26148,0,0
8,1.3416666666666666,dp,P8,medium,26423,0,0
9,1.15,dp,P8,medium,26745,0,0
10,1.2458333333333333,dp,P8,medium,27021,0,0
11,1.25,dp,P8,medium,27320,0,0
12,1.3,dp,P8,medium,27620,0,0
13,1.2666666666666666,dp,P8,medium,27932,0,0
14,1.4458333333333333,dp,P8,medium,28236,0,0
15,1.2666666666666666,dp,P8,medium,28583,0,0
16,1.3291666666666666,dp,P8,medium,28887,0,0
0,1.1125,dp-skate,P8,medium,15280,0,0
1,1.1458333333333333,dp-skate,P8,medium,15547,0,0
2,1.2541666666666667,dp-skate,P8,medium,15822,0,0
3,1.0666666666666667,dp-skate,P8,medium,16123,0,0
4,1.2333333333333334,dp-skate,P8,medium,16379,0,0
5,1.15,dp-skate,P8,medium,16675,0,0
6,0.8416666666666667,dp-skate,P8,medium,16951,0,0
7,1.1916666666666667,dp-skate,P8,medium,17153,0,0
8,1.3,dp-skate,P8,medium,17439,0,0
9,1.6083333333333334,dp-skate,P8,medium,17751,0,0
0,0.9541666666666667,diagonal,P8,medium,19845,0,0
1,0.9,diagonal,P8,medium,20074,0,0
2,0.8958333333333334,diagonal,P8,medium,20290,0,0
3,1.05,diagonal,P8,medium,20505,0,0
4,1.4375,diagonal,P8,medium,20757,0,0
5,1.1291666666666667,diagonal,P8,medium,21102,0,0
0,1.075,dp,P8,hard,21885,0,0
1,0.8666666666666667,dp,P8,hard,22143,0,0
2,1.075,dp,P8,hard,22351,0,0
3,0.9,dp,P8,hard,22609,0,0
4,1.0625,dp,P8,hard,22825,0,0
5,0.8708333333333333,dp,P8,hard,23080,0,0
6,0.9666666666666667,dp,P8,hard,23289,0,0
7,1.1375,dp,P8,hard,23521,0,0
8,0.8833333333333333,dp,P8,hard,23794,0,0
9,1.1166666666666667,dp,P8,hard,24006,0,0
10,0.8958333333333334,dp,P8,hard,24274,0,0
11,1.0166666666666666,dp,P8,hard,24489,0,0
12,1.1583333333333334,dp,P8,hard,24733,0,0
13,0.9791666666666666,dp,P8,hard,25011,0,0
14,0.9916666666666667,dp,P8,hard,25246,0,0
15,1.0208333333333333,dp,P8,hard,25484,0,0
16,0.8708333333333333,dp,P8,hard,25729,0,0
17,1.1541666666666666,dp,P8,hard,25938,0,0
18,1.0708333333333333,dp,P8,hard,26215,0,0
19,1.0166666666666666,dp,P8,hard,26472,0,0
20,1.1083333333333334,dp,P8,hard,26716,0,0
0,0.9791666666666666,dp-skate,P8,hard,13616,0,0
1,1.0125,dp-skate,P8,hard,13851,0,0
2,1.0541666666666667,dp-skate,P8,hard,14094,0,0
3,0.9833333333333333,dp-skate,P8,hard,14347,0,0
4,1.1083333333333334,dp-skate,P8,hard,14583,0,0
5,1.125,dp-skate,P8,hard,14849,0,0
6,1.1,dp-skate,P8,hard,15119,0,0
7,1.025,dp-skate,P8,hard,15383,0,0
8,1.0541666666666667,dp-skate,P8,hard,15629,0,0
9,1.1041666666666667,dp-skate,P8,hard,15882,0,0
10,1.2166666666666666,dp-skate,P8,hard,16147,0,0
11,1.3041666666666667,dp-skate,P8,hard,16439,0,0
12,1.275,dp-skate,P8,hard,16752,0,0
0,0.7375,diagonal,P8,hard,18092,0,0
1,0.7583333333333333,diagonal,P8,hard,18269,0,0
2,0.7708333333333334,diagonal,P8,hard,18451,0,0
3,0.9625,diagonal,P8,hard,18636,0,0
4,1.2583333333333333,diagonal,P8,hard,18867,0,0
5,1.1541666666666666,diagonal,P8,hard,19169,0,0
0,1.2875,dp,P12,easy,57639,4.82451239325772,13.489898730662363
1,1.3916666666666666,dp,P12,easy,57948,4.938917278553631,12.776121343324364
2,1.5791666666666666,dp,P12,easy,58282,3.7060767156450662,8.448681483686906
0,0.7958333333333333,diagonal,P12,easy,56188,2.583930949339729,11.688567226332598
1,0.85,diagonal,P12,easy,56379,2.6215427275168084,11.103004493012365
2,0.7333333333333333,diagonal,P12,easy,56583,2.6189333537451427,12.856581918385247
3,0.6916666666666667,diagonal,P12,easy,56759,2.7374699048613684,14.248036131326641
4,0.7541666666666667,diagonal,P12,easy,56925,2.8523941910190382,13.61584851403563
5,0.7,diagonal,P12,easy,57106,2.824486285003102,14.525929465730238
6,0.7166666666666667,diagonal,P12,easy,57274,2.8297162429604277,14.214388569289591
0,1.1291666666666667,dp,P12,medium,48987,5.075552517066011,16.18183533116249
1,1.2666666666666666,dp,P12,medium,49258,5.142338224946846,14.615066534059457
2,1.2958333333333334,dp,P12,medium,49562,5.131526706256933,14.256074193588391
3,1.7,dp,P12,medium,49873,7.268680081905648,15.392498996976668
4,0.9875,dp,P12,medium,50281,3.952630103682128,14.409588226081683
5,1.3458333333333334,dp,P12,medium,50518,4.854192654701466,12.984589639820637
6,1.3375,dp,P12,medium,50841,5.51427987457288,14.84217386800925
7,1.4166666666666667,dp,P12,medium,51162,3.9270581539403917,9.979347779424996
0,0.825,diagonal,P12,medium,42911,2.4634767563031517,10.74971675477739
1,0.7416666666666667,diagonal,P12,medium,43109,2.5362925627206394,12.310993113430518
2,0.8083333333333333,diagonal,P12,medium,43287,2.4471112819835428,10.898474987802995
3,0.7125,diagonal,P12,medium,43481,1.665828079034088,8.416815557224865
4,0.75,diagonal,P12,medium,43652,2.3982386144636005,11.511545349425283
5,0.8041666666666667,diagonal,P12,medium,43832,3.363169478216649,15.055846783311837
6,0.6625,diagonal,P12,medium,44025,1.6410830948149409,8.917583609560433
7,0.675,diagonal,P12,medium,44184,2.6033306484716734,13.884430125182257
8,1.1166666666666667,diagonal,P12,medium,44346,3.331298114868532,10.739707355397059
9,1.4625,diagonal,P12,medium,44614,4.671879980844966,11.500012260541455
10,1.4166666666666667,diagonal,P12,medium,44965,4.601989257922785,11.694466820133195
11,0.7958333333333333,diagonal,P12,medium,45305,2.143466400689291,9.696099320395538
12,0.6791666666666667,diagonal,P12,medium,45496,2.162837493404985,11.464365609214154
13,0.7458333333333333,diagonal,P12,medium,45659,2.2176816802346853,10.704340624149541
14,0.6666666666666666,diagonal,P12,medium,45838,1.6017406772426561,8.649399657110344
15,0.7375,diagonal,P12,medium,45998,2.4516188223170894,11.967224081819012
16,0.7375,diagonal,P12,medium,46175,2.476041434505097,12.086439544702847
17,0.6958333333333333,diagonal,P12,medium,46352,2.44860090171312,12.668210653174468
18,0.8208333333333333,diagonal,P12,medium,46519,2.4276520629475664,10.647164377597448
19,0.7041666666666667,diagonal,P12,medium,46716,2.4200339116876766,12.372244376912144
20,0.7458333333333333,diagonal,P12,medium,46885,2.355361450314237,11.368895492019558
21,0.6708333333333333,diagonal,P12,medium,47064,2.456328553199914,13.181788012203265
22,0.6958333333333333,diagonal,P12,medium,47225,2.5601109513999694,13.245124922213016
23,0.6958333333333333,diagonal,P12,medium,47392,1.7299529202790374,8.950175587551428
24,0.7375,diagonal,P12,medium,47559,2.6020006954665194,12.701291530412838
25,0.6958333333333333,diagonal,P12,medium,47736,2.679721411549328,13.86394790166838
26,0.7166666666666667,diagonal,P12,medium,47903,2.6486020030378166,13.304605410608566
27,0.7166666666666667,diagonal,P12,medium,48075,2.7329213542047097,13.728163081586448
28,0.7166666666666667,diagonal,P12,medium,48247,2.7121928520603413,13.624038512675202
29,0.6625,diagonal,P12,medium,48419,1.9391993842352346,10.537536276599011
30,0.6958333333333333,diagonal,P12,medium,48578,2.8656841761802467,14.826054659998402
31,0.5875,diagonal,P12,medium,48745,3.0214932390628535,18.51468197553408
0,0.9958333333333333,heringbone,P12,medium,35538,1.1014751352307102,3.9819017440976303
1,0.9791666666666666,heringbone,P12,medium,35777,1.0805384611173137,3.9727031081079107
2,1.0333333333333334,heringbone,P12,medium,36012,1.246908579938868,4.344068601077346
3,1.0708333333333333,heringbone,P12,medium,36260,1.393514506485738,4.684811414800302
4,0.8833333333333333,heringbone,P12,medium,36517,1.50241494883466,6.12304960279786
5,1.075,heringbone,P12,medium,36729,1.3690682712256006,4.5847867687555
6,1.0791666666666666,heringbone,P12,medium,36987,1.5733779511877377,5.248643049522029
7,1.0708333333333333,heringbone,P12,medium,37246,1.290662195857104,4.3390355533873075
8,1.7625,heringbone,P12,medium,37503,2.9995197927732877,6.126678725664588
9,0.85,heringbone,P12,medium,37926,2.1892890371158975,9.272282980726155
10,1.35,heringbone,P12,medium,38130,6.268496503610618,16.71599067629498
0,0.9125,dp,P12,hard,41408,3.8991416941443697,15.382915176898335
1,0.9416666666666667,dp,P12,hard,41627,5.3106377320032445,20.30261504624249
2,0.9333333333333333,dp,P12,hard,41853,5.399806871520562,20.827826504436455
3,0.925,dp,P12,hard,42077,5.478669538526013,21.322389555344483
4,0.9125,dp,P12,hard,42299,3.968091599147707,15.6549367199252
5,0.9125,dp,P12,hard,42518,5.322593405726447,20.998724669167352
6,0.9833333333333333,dp,P12,hard,42737,5.152929854343953,18.864963534547357
7,1.0,dp,P12,hard,42973,5.111525186917934,18.40149067290456
8,1.0,dp,P12,hard,43213,5.020777441691746,18.074798790090288
9,0.9625,dp,P12,hard,43453,4.903053735492167,18.33869449119148
10,0.9458333333333333,dp,P12,hard,43684,3.715406888834437,14.141460581290545
11,0.9708333333333333,dp,P12,hard,43911,4.818531451279506,17.86785911547422
12,1.0541666666666667,dp,P12,hard,44144,5.967022120136281,20.377498465603743
13,0.9916666666666667,dp,P12,hard,44397,4.674176734097318,16.96843990865581
14,1.0125,dp,P12,hard,44635,4.6611328493654725,16.5729167977439
15,0.9541666666666667,dp,P12,hard,44878,3.457310193447033,13.044174703660422
16,1.0416666666666667,dp,P12,hard,45107,5.38356355760707,18.605595655090035
17,1.0375,dp,P12,hard,45357,4.533169860792057,15.729553251904967
18,0.975,dp,P12,hard,45606,4.738869072940152,17.497362730855947
19,1.0416666666666667,dp,P12,hard,45840,4.177348717201012,14.436917166646698
20,0.9875,dp,P12,hard,46090,4.465275062222927,16.278471112913962
21,1.0375,dp,P12,hard,46327,4.572034307194446,15.864408198457838
22,1.0333333333333334,dp,P12,hard,46576,4.734567039304706,16.494620653061556
23,1.1041666666666667,dp,P12,hard,46824,4.73062450253707,15.423621019592561
24,1.1333333333333333,dp,P12,hard,47089,5.196961421958369,16.50799510504423
25,1.1541666666666666,dp,P12,hard,47361,5.4155077947748,16.891692182979885
26,1.0625,dp,P12,hard,47638,4.225565381970657,14.317209764794697
27,1.1375,dp,P12,hard,47893,4.387262034042693,13.884961162684567
28,1.2708333333333333,dp,P12,hard,48166,4.536424510086871,12.850723858082151
0,1.3041666666666667,diagonal,P12,hard,25796,3.5661976364636967,9.844072708960493
1,0.8125,diagonal,P12,hard,26109,2.21919870761784,9.832757350675967
2,0.725,diagonal,P12,hard,26304,2.2646690774413267,11.245253350053485
0,0.5458333333333333,heringbone,P12,hard,33184,0.8523724632879781,5.621754261685597
1,1.3583333333333334,heringbone,P12,hard,33315,1.6473752739142877,4.366049805711486
2,0.8375,heringbone,P12,hard,33641,1.3181654379488208,5.666143972078514
3,0.9875,heringbone,P12,hard,33842,1.6276952284237138,5.933876275772526
4,0.8875,heringbone,P12,hard,34079,1.145115688519256,4.644976313993602
5,1.0458333333333334,heringbone,P12,hard,34292,1.316365551280416,4.531234407594739
6,1.0833333333333333,heringbone,P12,hard,34543,1.5982800077532548,5.311207410380048
7,0.9625,heringbone,P12,hard,34803,0.9996523994512474,3.7389596239215486
8,1.0125,heringbone,P12,hard,35034,1.3829142257478608,4.917028358214616
9,0.9833333333333333,heringbone,P12,hard,35277,1.2166009236689086,4.453996601906513
10,1.0,heringbone,P12,hard,35513,1.3946176959516456,5.020623705425924
11,0.9875,heringbone,P12,hard,35753,1.437670606991026,5.241128288777411
12,1.0625,heringbone,P12,hard,35990,1.7110115213518886,5.797309625286399
13,1.0083333333333333,heringbone,P12,hard,36245,1.651203240715553,5.89520495858776
14,0.9541666666666667,heringbone,P12,hard,36487,1.5600675062089393,5.8860188880546875
15,1.0458333333333334,heringbone,P12,hard,36716,1.3785600810281629,4.745322350630808
16,1.1166666666666667,heringbone,P12,hard,36967,1.4126343243630375,4.554164388991285
17,1.1375,heringbone,P12,hard,37235,1.815402147885346,5.745448555944831
18,0.8375,heringbone,P12,hard,37508,1.5895625324683649,6.832746408222225
19,1.275,heringbone,P12,hard,37709,3.869914459825206,10.926817298329993
20,0.9208333333333333,heringbone,P12,hard,38015,4.275810863983286,16.716292246522894
0,1.2541666666666667,dp,P13,easy,30296,6.557493526399661,18.822838560828263
1,1.2291666666666667,dp,P13,easy,30597,6.492601826128175,19.0156202636432
2,1.225,dp,P13,easy,30892,6.52010568821347,19.161126920464074
3,1.2125,dp,P13,easy,31186,6.5800622035115,19.536679532075386
4,1.2458333333333333,dp,P13,easy,31477,6.382189828262693,18.442180640866113
5,1.1958333333333333,dp,P13,easy,31776,7.144578707408523,21.508418129620086
6,1.1875,dp,P13,easy,32063,6.931357494860713,21.012957458104058
7,1.2083333333333333,dp,P13,easy,32348,5.295749418922487,15.777681027410445
8,1.2791666666666666,dp,P13,easy,32638,8.033382369633733,22.60860705981611
9,1.275,dp,P13,easy,32945,6.665792632032908,18.82106154926939
10,1.25,dp,P13,easy,33251,6.89841605565689,19.867438240291843
11,1.3333333333333333,dp,P13,easy,33551,7.181524705521756,19.390116704908742
12,1.2583333333333333,dp,P13,easy,33871,6.695598833295301,19.15562050320245
13,1.3416666666666666,dp,P13,easy,34173,6.776548561245367,18.183037133279495
14,1.0708333333333333,dp,P13,easy,34495,6.952682441661451,23.37399855873733
0,1.2458333333333333,dp-skate,P13,easy,20306,8.600940952169676,24.853555126002007
1,1.3291666666666666,dp-skate,P13,easy,20605,8.024183477294464,21.73321167517999
2,1.325,dp-skate,P13,easy,20924,8.18333270374685,22.233960553576345
3,2.1,dp-skate,P13,easy,21242,15.03359981826133,25.771885402733705
4,1.2791666666666666,dp-skate,P13,easy,21746,7.7825887890433965,21.90279059848044
5,0.9166666666666666,dp-skate,P13,easy,22053,5.6024763883413735,22.002452725122488
6,1.0041666666666667,dp-skate,P13,easy,22273,6.507879233311472,23.331152106145694
7,0.9083333333333333,dp-skate,P13,easy,22514,5.203149238853505,20.62165569894233
0,1.2041666666666666,dp,P13,medium,25094,7.118505480669228,21.281621921447105
1,1.1666666666666667,dp,P13,medium,25383,7.100825781687898,21.911119554922653
2,1.1,dp,P13,medium,25663,5.598314151224804,18.321755404008446
3,1.1166666666666667,dp,P13,medium,25927,7.051726525885545,22.733924322257877
4,1.175,dp,P13,medium,26195,5.562944442463854,17.043914887548826
5,1.1416666666666666,dp,P13,medium,26477,5.79776627953378,18.28200753838389
6,1.175,dp,P13,medium,26751,7.015277431363769,21.493615959923034
7,1.1791666666666667,dp,P13,medium,27033,5.7529806745632595,17.563870327995254
8,1.1666666666666667,dp,P13,medium,27316,7.438441473451299,22.95290511807829
9,1.1875,dp,P13,medium,27596,7.334319840170851,22.234569620728475
10,1.1875,dp,P13,medium,27881,7.62840980124019,23.126126555338683
11,1.1833333333333333,dp,P13,medium,28166,5.735389581940749,17.448509150692985
12,1.1791666666666667,dp,P13,medium,28450,7.001386580797159,21.37525797105564
13,1.2291666666666667,dp,P13,medium,28733,7.482578032109874,21.91507599912858
0,1.6166666666666667,dp-skate,P13,medium,15578,12.87276791227834,28.66513267064043
1,1.1958333333333333,dp-skate,P13,medium,15966,9.942402464054496,29.931134944052562
2,1.2333333333333334,dp-skate,P13,medium,16253,9.31759074076692,27.19729189196831
3,0.9583333333333334,dp-skate,P13,medium,16549,7.177416317095403,26.962120425958386
4,2.1458333333333335,dp-skate,P13,medium,16779,14.251801757246911,23.90981887041035
5,1.6333333333333333,dp-skate,P13,medium,17294,10.94895481449744,24.132390203382116
6,1.7958333333333334,dp-skate,P13,medium,17686,11.298128018720636,22.64868354564879
0,0.8,dp,P13,hard,20649,6.709720875408971,30.19374393934037
1,0.7708333333333334,dp,P13,hard,20841,6.053739093848808,28.27259771397497
2,0.7875,dp,P13,hard,21026,7.953022560384052,36.35667456175567
3,0.7541666666666667,dp,P13,hard,21215,5.702567430527768,27.22109535898338
4,0.775,dp,P13,hard,21396,5.4718063919252415,25.417423239910796
5,0.7958333333333333,dp,P13,hard,21582,5.7010014472918495,25.788823300838523
6,0.8333333333333334,dp,P13,hard,21773,6.100204084833994,26.352881646482853
7,0.8041666666666667,dp,P13,hard,21973,5.261927165081966,23.55598482192134
8,0.825,dp,P13,hard,22166,7.27272020354643,31.73550634274806
9,0.7916666666666666,dp,P13,hard,22364,5.495653197026943,24.99075980121726
10,0.8416666666666667,dp,P13,hard,22554,5.991825179237546,25.6284007666398
11,0.875,dp,P13,hard,22756,7.281086637446869,29.95647073692426
12,0.8541666666666666,dp,P13,hard,22966,5.367991126855316,22.624118700502407
13,0.8708333333333333,dp,P13,hard,23171,6.741787760372636,27.870357057234248
14,0.875,dp,P13,hard,23380,5.198124295860252,21.38656853153932
15,1.775,dp,P13,hard,23590,11.32140621404818,22.96172527919631
16,0.9,dp,P13,hard,24016,6.508033847448157,26.03213538979263
17,1.2541666666666667,dp,P13,hard,24232,8.331310074800909,23.91445815491025
0,1.2125,dp-skate,P13,hard,11270,6.694633693880673,19.876850555027154
0,0.8375,dp,P14,easy,29587,0,0
1,1.2375,dp,P14,easy,29788,0,0
2,1.2541666666666667,dp,P14,easy,30085,0,0
3,1.1916666666666667,dp,P14,easy,30386,0,0
4,1.2666666666666666,dp,P14,easy,30672,0,0
5,1.3125,dp,P14,easy,30976,0,0
6,1.2666666666666666,dp,P14,easy,31291,0,0
7,1.3333333333333333,dp,P14,easy,31595,0,0
8,1.325,dp,P14,easy,31915,0,0
9,1.275,dp,P14,easy,32233,0,0
10,1.3041666666666667,dp,P14,easy,32539,0,0
11,1.2916666666666667,dp,P14,easy,32852,0,0
12,1.3166666666666667,dp,P14,easy,33162,0,0
13,1.3041666666666667,dp,P14,easy,33478,0,0
14,1.2708333333333333,dp,P14,easy,33791,0,0
15,1.3833333333333333,dp,P14,easy,34096,0,0
16,1.3125,dp,P14,easy,34428,0,0
17,1.3125,dp,P14,easy,34743,0,0
18,1.2916666666666667,dp,P14,easy,35058,0,0
19,1.3166666666666667,dp,P14,easy,35368,0,0
20,1.2958333333333334,dp,P14,easy,35684,0,0
21,1.45,dp,P14,easy,35995,0,0
0,1.3541666666666667,dp-skate,P14,easy,19809,0,0
1,1.35,dp-skate,P14,easy,20134,0,0
2,0.95,dp-skate,P14,easy,20458,0,0
3,1.35,dp-skate,P14,easy,20686,0,0
0,0.9375,dp,P14,medium,23439,0,0
1,1.0375,dp,P14,medium,23664,0,0
2,1.0291666666666666,dp,P14,medium,23913,0,0
3,1.0125,dp,P14,medium,24160,0,0
4,0.9625,dp,P14,medium,24403,0,0
5,0.9958333333333333,dp,P14,medium,24634,0,0
6,0.9166666666666666,dp,P14,medium,24873,0,0
7,0.9666666666666667,dp,P14,medium,25093,0,0
8,0.925,dp,P14,medium,25325,0,0
9,1.0125,dp,P14,medium,25547,0,0
10,1.0833333333333333,dp,P14,medium,25790,0,0
11,1.0416666666666667,dp,P14,medium,26050,0,0
12,1.025,dp,P14,medium,26300,0,0
13,1.0166666666666666,dp,P14,medium,26546,0,0
14,1.0458333333333334,dp,P14,medium,26790,0,0
15,0.975,dp,P14,medium,27041,0,0
16,0.95,dp,P14,medium,27275,0,0
17,1.0875,dp,P14,medium,27503,0,0
18,0.9625,dp,P14,medium,27764,0,0
19,1.0208333333333333,dp,P14,medium,27995,0,0
20,0.975,dp,P14,medium,28240,0,0
21,1.025,dp,P14,medium,28474,0,0
22,1.0125,dp,P14,medium,28720,0,0
23,1.0625,dp,P14,medium,28963,0,0
24,0.7416666666666667,dp,P14,medium,29218,0,0
0,0.8833333333333333,dp-skate,P14,medium,19247,0,0
1,0.8708333333333333,dp-skate,P14,medium,19459,0,0
2,0.7875,dp-skate,P14,medium,19668,0,0
0,0.8583333333333333,dp,P14,hard,22697,0,0
1,0.7916666666666666,dp,P14,hard,22903,0,0
2,0.8083333333333333,dp,P14,hard,23093,0,0
3,0.7083333333333334,dp,P14,hard,23287,0,0
4,0.7333333333333333,dp,P14,hard,23457,0,0
5,0.8166666666666667,dp,P14,hard,23633,0,0
6,0.7958333333333333,dp,P14,hard,23829,0,0
7,0.7458333333333333,dp,P14,hard,24020,0,0
8,0.7875,dp,P14,hard,24199,0,0
9,0.7291666666666666,dp,P14,hard,24388,0,0
10,0.8,dp,P14,hard,24563,0,0
11,0.7625,dp,P14,hard,24755,0,0
12,0.7833333333333333,dp,P14,hard,24938,0,0
13,0.7291666666666666,dp,P14,hard,25126,0,0
14,0.7208333333333333,dp,P14,hard,25301,0,0
15,0.7791666666666667,dp,P14,hard,25474,0,0
16,0.7875,dp,P14,hard,25661,0,0
17,0.7625,dp,P14,hard,25850,0,0
18,0.7708333333333334,dp,P14,hard,26033,0,0
19,0.775,dp,P14,hard,26218,0,0
20,0.7916666666666666,dp,P14,hard,26404,0,0
21,0.7625,dp,P14,hard,26594,0,0
22,0.8166666666666667,dp,P14,hard,26777,0,0
23,0.8,dp,P14,hard,26973,0,0
24,0.8208333333333333,dp,P14,hard,27165,0,0
25,0.7958333333333333,dp,P14,hard,27362,0,0
26,0.8333333333333334,dp,P14,hard,27553,0,0
27,0.975,dp,P14,hard,27753,0,0
0,0.8833333333333333,dp-skate,P14,hard,18063,0,0
1,0.8583333333333333,dp-skate,P14,hard,18275,0,0
2,0.8208333333333333,dp-skate,P14,hard,18481,0,0
